Date,Seller Name,Seller Email ID,SKU ID,Title
01/Jun,ABC,test@test.com,TEST-001,Test Formal Cotton Shirt In Blue Color
03/Jun,ABC,test@test.com,TEST-002,Test Formal Cotton Shirt In Blue Color
03/Jun,ABC,test@test.com,TEST-003,Test Formal Cotton Shirt In Blue Color
03/Jun,ABC,test@test.com,TEST-004,Test Formal Cotton Shirt In Blue Color
03/Jun,ABC,test@test.com,TEST-005,Test Formal Cotton Shirt In Blue Color
03/Jun,ABC,test@test.com,TEST-006,Test Formal Cotton Shirt In Blue Color
01/Jul,ABC,test@test.com,TEST-007,Test Formal Cotton Shirt In Blue Color
01/Jul,ABC,test@test.com,TEST-008,Test Formal Cotton Shirt In Blue Color
01/Jul,ABC,test@test.com,TEST-009,Test Formal Cotton Shirt In Blue Color
01/Jul,ABC,test@test.com,TEST-010,Test Formal Cotton Shirt In Blue Color
01/Jul,ABC,test@test.com,TEST-011,Test Formal Cotton Shirt In Blue Color
01/Jul,ABC,test@test.com,TEST-012,Test Formal Cotton Shirt In Blue Color
15/Jul,ABC,test@test.com,TEST-013,Test Formal Cotton Shirt In Blue Color
15/Jul,ABC,test@test.com,TEST-014,Test Formal Cotton Shirt In Blue Color
15/Jul,ABC,test@test.com,TEST-015,Test Formal Cotton Shirt In Blue Color
15/Jul,ABC,test@test.com,TEST-016,Test Formal Cotton Shirt In Blue Color
15/Jul,ABC,test@test.com,TEST-017,Test Formal Cotton Shirt In Blue Color
15/Jul,ABC,test@test.com,TEST-018,Test Formal Cotton Shirt In Blue Color
15/Jul,ABC,test@test.com,TEST-019,Test Formal Cotton Shirt In Blue Color
15/Jul,ABC,test@test.com,TEST-020,Test Formal Cotton Shirt In Blue Color
15/Jul,ABC,test@test.com,TEST-021,Test Formal Cotton Shirt In Blue Color
